1045, ogle
1050, ogle
1055, ogle
1060, ogle
1085, ogle 2 perth
1105, mart hirer
1110, poet board
1120, poet board
1125, pert board
1130, .atmegd
1135, . atmege
1140, \atmega2s
1150, .mega2860 development be
1270, | = RoboRead
1275, atmega2560 develooment board
1280, _tmega2860 development board
1290, _atmega2860 development board
1295, Q searcn
1300, _tmega2560 development board
1305, _tmega2560 development board
1310, _tmega2660 development board
1315, _tmega2560 development board
1320, _atmega2860 development board
1325, atmega2560 development board
1330, _atmega2560 development board
1335, atmega2560 develooment board
1340, _atmega2860 development board
1355, _atmega2S60 development board
1360, _atmega2860 development board
1365, tmega2560 development board
1370, _tmega2560 development board
1375, _tmega2560 development board
1380, _atmega2660 development board
1385, _atmega2560 development board
1390, _atmega2860 development board
1395, atmega2860 development board
1400, _tmega2560 development board
1405, _tmega2860 development board
1410, _tmega2560 development board
1415, _tmega2860 development board
1420, _tmega2860 development board
1425, _atmega2560 development board
1430, _atmega2860 development board
1435, tmega2860 development board
1440, _tmega2860 development board
1445, _tmega2560 development board
1450, _tmega2560 development board
1455, atmega2560 development board
1460, _atmega2560 development board
1465, _tmega2860 development board
1470, atmega2860 development board
1475, _atmega2560 development board
1480, _tmega2S60 development board
1485, _tmega2560 development board
1490, _atmega2560 development board
1495, _tmega2560 development board
1500, _atmega2860 development board
1505, _atmega2560 development board
1510, _tmega2860 development board
1515, _atmega2860 development board
1520, atmega2860 development board
1525, atmega2860 development board
1530, _tmega2S60 development board
1535, _tmega2S60 development board
1540, _tmega2560 development board
1545, _tmega2560 development board
1550, _tmega2860 development board
1555, _atmega2860 development board
1560, _tmega2560 development board
1565, _tmega2560 development board
1570, _atmega2S60 development board
1575, atmega2560 development board
1580, _atmega2560 development board
1585, _tmega2560 development board
1590, _tmega2560 development board
1595, _atmega2S60 development board
1600, _atmega2560 development board
1605, _tmega2860 development board
1610, _tmega2560 development board
1615, _tmega2560 development board
1620, _atmega2S60 development board
1625, tmega2860 development board
1630, _tmega2560 development board
1635, _tmega2560 development board
1640, _tmega2560 development board
1645, _tmega2S60 development board
1650, _tmega2860 development board
1655, _tmega2560 development board
1660, _tmega2560 development board
1665, _atmega2560 development board
1670, _tmega2560 development board
1675, _atmega2560 development board
1680, _atmega2560 development board
1685, _tmega2860 development board
1815, . fine
1820, line following sensor
1825, line following sensor
1830, line following sensor
1835, line following sensor
1840, line following sensor
1845, line following sensor
1850, line following sensor
1855, line following sensor
1860, line following sensor
1865, line following sensor
1870, line following sensor
1875, line following sensor
1880, line following sensor
1885, line following sensor
1890, line following sensor
1895, line following sensor
1900, line following sensor
1905, line following sensor
5210, pmail
5220, >mail Q Searct
5225, pmail Q Searct
5230, pmail Q Searct
5235, pmail Q Searct
5440, | = RoboRead
5445, | = RoboRead
5460, \ whichis the robot competetion |
5465, \ whichis the robot compatiton follows a ine c
5470, which is the robot competition follows a
5475, Which is the robot competition follows a
5495, A. biggest line following robotic compete
5645, be line followin
5650, be line followin
5815, pmail Q Searct
5820, pmail Q Searct
5825, mail Q Searct
5830, >mail Q Searct
5835, pmail
5840, pmail
5845, mail Q Searct
5850, pmail Q Searct
5855, pmail Q Searct
5860, mail
5865, pmail Q Searct
5870, >mail Q Searct
5875, >mail Q Searct
5880, pmail Q Searct
5885, pmail Q Searct
5890, pmail Q Searct
5895, mail Q Searct
5900, >mail
6325, curved path with a 2-channel white line
6460, | = RoboRead
6465, | = RoboRead
8500, ndMaps =
8505, uproar nites
10470, = RoboReady
10475, = RoboReady
10480, sr a&O@
10635, = RoboReady
10640, = RoboReady
10645, sr GOS
a eae Bee,
10650, sr GO
10655, sr GOS
10660, sr GO
10665, sr GOS
10670, sr GOS
10675, sr GOS
10680, sr GOS
10685, sr GOS
10690, sr GOS
10695, sr GOS
10700, sr GOS
10705, sr GOS
10710, sr GOS
10715, sr GOS
10720, sr GOS
10725, sr GOS
10730, sr GOS
10735, sr GOS
10740, sr GOS
10745, sr GOS
10750, sr GOS
10755, sr GOS
10760, sr GOS
10765, sr GOS
10770, sr GOS
10775, sr GOS
10780, sr GOS
10785, sr GOS
10790, sr GOS
10795, sr GOS
10800, sr GOS
10805, sr GOS
10810, sr GOS
10815, sr GOS
10820, sr GOS
10825, sr GO
10830, sr GOS
10835, sr GOS
10840, sr GOS
10845, sr GOS
10850, sr GOS
10855, sr GOS
10860, sr GOS
10865, sr GOS
10870, sr GOS
10875, sr GOS
10880, sr GOS
10885, sr GOS
10890, sr GOS
10895, sr GO
10900, sr GOS
10905, sr GOS
10910, sr GOS
10915, sr GO
10920, sr GOS
10925, sr GOS
10930, sr GOS
10935, sr GOS
10940, sr GOS
10945, sr GOS
10950, sr GOS
10955, sr GOS
10960, sr GOS
10965, sr GOS
10970, sr GOS
10975, sr GO
10980, sr GO
10985, str GOS
10990, sr GO
10995, sr GO
11000, sr GOS
11005, sr GO
11010, sr GO
11015, sr GO
11020, sr GO
11025, sr GO
11030, sr GOS
11035, sr GO
11040, sr GO
11045, sr GO
11050, sr GO
11055, sr GOS
11060, sr GO
11065, sr GO
11070, sr GO
11075, sr GO
11080, sr GO
11085, sr GO
11090, sr GO
11130, Q_swhatare the threshold value:
11135, Q_whatare the threshold value:
11140, sr aOe
11145, sr GOS
11150, sr GO
11155, sr GO
11160, sr GO
11165, sr GO
11170, sr GO
11175, sr GOS
11180, sr GO
11185, sr GOOG
11190, sr GO
11195, sr GOS
11200, sr GO
11205, sr OG
11210, sr GOS
11215, sr GO
11220, sr GOS
11225, sr GOS
11230, sr GO
11235, sr GOS
11240, sr GOS
11245, sr GO
11250, sr GOS
11255, sr GOS
11260, sr GOS
11265, sr GOS
11270, sr GO
11275, sr GO
11280, sr GOS
11285, sr GOS
11290, sr GO
11295, sr GO
11300, sr GO
11305, sr GOS
11310, sr GO
11315, sr GOS
11320, uctions * @  
11325, uctions * @  
11330, uctions * @  <
11335, uctions * @  <
11340, uctions * @&  
11345, uctions * @&  
11350, uctions * @&  
11355, uctions * @&  
11360, uctions * @&  
11365, uctions * @  
11370, uctions * @  
11375, uctions * @&  
11380, uctions * @  <
11385, uctions * @  
11390, uctions & @  
12050, line sensor
12055, Q searc
12435, atmega2560 parts
12440, _atmega2860 parts
12445, atmega2560 parts
12450, atmena?!
12470, atmega2560 parts
12480, atmega2560 parts
12485, atmega2560 parts
12490, atmega2560 parts
12495, atmega2560 parts
12500, atmega2560 parts
12505, atmega2560 parts
12510, atmega2560 parts
12515, atmega2560 parts
12520, atmega2560 parts
12525, atmega2560 parts
15770, pmail Q Searct
15775, >mail Q Searct
15780, pmail Q Searct
15785, mail
15790, pmail
15795, pmail
15800, pmail
15805, pmail
15810, pmail Q Searct
15815, pmail Q Searct
15820, pmail
15825, pmail Q Searct
15830, pmail Q Searct
15835, pmail Q Searct
15840, pmail
15845, mail
15850, >mail
15855, pmail Q Searct
15860, >mail Q Searct
15865, pmail
15870, mail
15875, pmail Q Searct
15880, pmail Q Searct
15885, >mail
15890, pmail
15895, pmail Q Searct
15900, pmail
15905, pmail
15910, >mail
15915, mail
15920, pmail
15925, pmail Q Searct
15930, pmail
15935, mail Q Searct
15940, pmail
15945, pmail
15950, pmail
15955, pmail
15960, pmail Q Searct
15965, pmail Q Searct
15970, pmail
15975, pmail
15980, pmail
15985, pmail Q Searct
15990, omail
15995, pmail
16000, pmail
16005, pmail
16010, pmail
16015, >mail
16020, mail
16025, pmail
16030, pmail
16035, pmail Q Searct
16040, pmail
16045, pmail Q Searct
16050, mail
16055, >mail
16060, >mail
16065, >mail
16070, pmail
16075, >mail
16080, pmail
16085, pmail
16090, pmail Q Searct
16095, pmail
16100, pmail
16105, pmail Q Searct
16110, pmail
16115, >mail
16120, pmail Q Searct
16125, pmail Q Searct
16130, pmail
16135, pmail Q Searct
16140, pmail
16145, pmail
16150, >mail
16155, pmail Q Searct
16160, pmail
16165, >mail
16170, pmail Q Searct
16175, >mail Q Searct
16180, pmail
16185, pmail
16190, pmail Q Searct
16195, pmail Q Searct
16200, pmail Q Searct
16205, pmail Q Searct
16210, >mail
16215, pmail Q Searct
16220, pmail Q Searct
16225, pmail
16230, >mail Q Searct
16235, >mail Q Searct
16240, mail
16245, >mail Q Searct
16250, pmail
16255, >mail Q Searct
16260, pmail Q Searct
16265, pmail Q Searct
16270, pmail
16275, pmail
16280, pmail Q Searct
16285, pmail Q Searct
16290, >mail
16295, pmail
16300, pmail
16305, mail
16310, pmail Q Searct
16315, pmail Q Searct
16320, pmail Q Searct
16325, pmail Q Searct
16330, pmail Q Searct
16335, pmail
16340, >mail Q Searct
16345, >mail Q Searct
16350, >mail
16355, pmail Q Searct
16360, >mail
16365, >mail Q Searct
16370, mail Q Searct
16375, mail
16380, pmail
16385, pmail Q Searct
16390, >mail
16395, pmail Q Searct
16400, >mail
16405, pmail Q Searct
16410, pmail
16415, pmail Q Searct
16420, pmail Q Searct
16425, pmail Q Searct
16430, pmail Q Searct
16435, mail Q Searct
16440, pmail Q Searct
16445, pmail Q Searct
16450, pmail Q Searct
16455, pmail Q Searct
16460, mail
16465, pmail
16470, pmail Q Searct
16475, pmail Q Searct
16480, pmail Q Searct
16485, pmail Q Searct
16490, pmail
16495, >mail Q Searct
16500, mail
16505, pmail Q Searct
16510, pmail
16515, >mail
16520, pmail Q Searct
16525, >mail
16530, pmail
16535, pmail
16540, mail Q Searct
16545, mail Q Searct
16550, mail
16555, >mail
16560, pmail Q Searct
16565, pmail Q Searct
16570, >mail Q Searct
16575, pmail
16580, >mail Q Searct
16585, pmail Q Searct
16590, pmail Q Searct
16595, pmail
16600, pmail Q Searct
16605, pmail
16610, pmail
16615, >mail Q Searct
16620, pmail Q Searct
16625, pmail Q Searct
16630, >mail
16635, >mail
16640, pmail
16755, pmail
16760, >mail Q Searct
16765, pmail
16770, pmail
16775, pmail Q Searct
16780, >mail
16785, pmail Q Searct
16790, pmail
18350, pmail
